Palabra;Oxford5000
just;c1
say;c1
sword;c1
beneath;c1
stark;c1
sound;c1
standing;c1
ministry;c1
grace;c1
magical;c1
whatever;c1
burst;c1
blade;c1
flesh;c1
crown;c1
realm;c1
spell;c1
chamber;c1
horn;c1
dawn;c1
charm;c1
forth;c1
bare;c1
halfway;c1
bow;c1
merely;c1
minute;c1
passing;c1
grip;c1
fierce;c1
glance;c1
mercy;c1
rage;c1
grin;c1
ward;c1
banner;c1
bench;c1
grief;c1
copper;c1
grave;c1
sack;c1
beast;c1
march;c1
lad;c1
gaze;c1
bay;c1
noble;c1
halt;c1
invisible;c1
detention;c1
scattered;c1
handful;c1
hint;c1
crystal;c1
demon;c1
lap;c1
remains;c1
patch;c1
ash;c1
warrior;c1
sigh;c1
alike;c1
glimpse;c1
whip;c1
sake;c1
nod;c1
eager;c1
cutting;c1
rear;c1
span;c1
widow;c1
snap;c1
pit;c1
troubled;c1
yield;c1
blast;c1
seldom;c1
delicate;c1
courtesy;c1
trace;c1
suspicious;c1
fleet;c1
gathering;c1
immense;c1
shrug;c1
endless;c1
grasp;c1
mere;c1
mask;c1
vow;c1
carriage;c1
lawn;c1
driving;c1
thread;c1
utterly;c1
glory;c1
curiosity;c1
net;c1
trail;c1
drown;c1
revenge;c1
seal;c1
seize;c1
kingdom;c1
midst;c1
cabinet;c1
twist;c1
tide;c1
swing;c1
thoughtful;c1
absence;c1
idiot;c1
canvas;c1
hostage;c1
offering;c1
ease;c1
fate;c1
yell;c1
forge;c1
merchant;c1
harvest;c1
consent;c1
sensation;c1
loyalty;c1
gear;c1
spy;c1
vague;c1
barrel;c1
triumph;c1
horizon;c1
shed;c1
stir;c1
squeeze;c1
harsh;c1
rip;c1
wit;c1
defensive;c1
gut;c1
undoubtedly;c1
strip;c1
chunk;c1
reflection;c1
intent;c1
protective;c1
leap;c1
guilt;c1
bind;c1
crude;c1
flee;c1
insult;c1
whilst;c1
inclined;c1
worthy;c1
vanish;c1
threshold;c1
tuition;c1
content;c1
stab;c1
dignity;c1
accused;c1
exile;c1
flourish;c1
brutal;c1
limb;c1
hopeful;c1
companion;c1
nonsense;c1
contrary;c1
contempt;c1
lesser;c1
crawl;c1
combat;c1
smash;c1
funeral;c1
betray;c1
suspicion;c1
spark;c1
wipe;c1
nonetheless;c1
noon;c1
prey;c1
descent;c1
hatred;c1
vicious;c1
sheer;c1
chaos;c1
suck;c1
timber;c1
bleed;c1
breed;c1
pronounced;c1
log;c1
caution;c1
retrieve;c1
linger;c1
patron;c1
striking;c1
pledge;c1
shoot;c1
beam;c1
mill;c1
mob;c1
rape;c1
bless;c1
refuge;c1
odds;c1
creep;c1
tender;c1
spin;c1
slash;c1
burden;c1
spine;c1
backing;c1
countless;c1
retreat;c1
strain;c1
whatsoever;c1
nest;c1
absurd;c1
outrage;c1
occasional;c1
inspection;c1
pole;c1
reluctant;c1
squad;c1
flaw;c1
peculiar;c1
beloved;c1
boom;c1
torture;c1
transparent;c1
dense;c1
strand;c1
slap;c1
frankly;c1
frustrated;c1
fade;c1
conceal;c1
frustration;c1
sacred;c1
bizarre;c1
succession;c1
amid;c1
thankfully;c1
rebellion;c1
endure;c1
worship;c1
disturbing;c1
acid;c1
misery;c1
resume;c1
drain;c1
sacrifice;c1
meantime;c1
cling;c1
punch;c1
alert;c1
boast;c1
presume;c1
devil;c1
prominent;c1
drift;c1
clash;c1
await;c1
rebel;c1
embarrassment;c1
regain;c1
latter;c1
echo;c1
dumb;c1
costly;c1
assault;c1
pirate;c1
dismissal;c1
plea;c1
burial;c1
shatter;c1
slam;c1
affection;c1
versus;c1
stem;c1
elaborate;c1
deem;c1
deed;c1
intact;c1
breach;c1
surge;c1
ignorance;c1
crush;c1
subtle;c1
confession;c1
suppress;c1
humble;c1
provoke;c1
pulse;c1
excess;c1
cautious;c1
niche;c1
glorious;c1
defy;c1
shrink;c1
weed;c1
descend;c1
distinctive;c1
thereafter;c1
proclaim;c1
vulnerable;c1
realization;c1
logic;c1
fragile;c1
foster;c1
absent;c1
sole;c1
skip;c1
trophy;c1
enforcement;c1
cluster;c1
rod;c1
reverse;c1
stake;c1
patrol;c1
dip;c1
dose;c1
superb;c1
debris;c1
forthcoming;c1
handy;c1
harmony;c1
inspect;c1
encouragement;c1
essence;c1
corruption;c1
boundary;c1
battlefield;c1
remainder;c1
commentary;c1
conquer;c1
verse;c1
residence;c1
vein;c1
sin;c1
notable;c1
soar;c1
refusal;c1
reassure;c1
riot;c1
distress;c1
appetite;c1
carve;c1
hail;c1
instinct;c1
miracle;c1
liberation;c1
overwhelming;c1
outbreak;c1
liver;c1
loop;c1
accusation;c1
disposal;c1
eternal;c1
execution;c1
slot;c1
stun;c1
rhetoric;c1
reign;c1
warrant;c1
sphere;c1
resistance;c1
fluid;c1
admission;c1
haunt;c1
handling;c1
resignation;c1
injustice;c1
tighten;c1
notorious;c1
blessing;c1
plead;c1
stumble;c1
peak;c1
quest;c1
varied;c1
interior;c1
interfere;c1
superior;c1
seemingly;c1
surrender;c1
steer;c1
toss;c1
anchor;c1
submission;c1
conviction;c1
alliance;c1
neglect;c1
pump;c1
regardless;c1
intensity;c1
kidney;c1
obsession;c1
infant;c1
peasant;c1
presumably;c1
dispose;c1
aftermath;c1
imprisonment;c1
fatal;c1
encouraging;c1
feat;c1
inspiration;c1
efficiency;c1
contemplate;c1
ray;c1
tempt;c1
soak;c1
maintenance;c1
medieval;c1
license;c1
plunge;c1
congratulate;c1
probe;c1
objection;c1
pond;c1
partially;c1
situated;c1
abuse;c1
regime;c1
reminder;c1
restraint;c1
cease;c1
copyright;c1
conscience;c1
behalf;c1
mutual;c1
buck;c1
interference;c1
intake;c1
instruct;c1
successor;c1
supposedly;c1
thrilled;c1
bulk;c1
virtue;c1
revive;c1
supreme;c1
sustain;c1
suspension;c1
dedicated;c1
continually;c1
thereby;c1
disastrous;c1
raid;c1
detection;c1
lengthy;c1
legendary;c1
angel;c1
leak;c1
likelihood;c1
substitute;c1
hazard;c1
trio;c1
summit;c1
ruling;c1
memoir;c1
veteran;c1
tolerate;c1
exceptional;c1
worthwhile;c1
overlook;c1
wholly;c1
experimental;c1
imminent;c1
intriguing;c1
councillor;c1
gambling;c1
tribute;c1
deputy;c1
grind;c1
transformation;c1
desktop;c1
upcoming;c1
tremendous;c1
legacy;c1
ritual;c1
robust;c1
bishop;c1
resemble;c1
replacement;c1
tackle;c1
scope;c1
substantial;c1
spectacle;c1
acceptance;c1
alien;c1
assemble;c1
array;c1
appealing;c1
ally;c1
simultaneously;c1
condemn;c1
consciousness;c1
contend;c1
ranking;c1
rational;c1
cargo;c1
gross;c1
weave;c1
dissolve;c1
correspondence;c1
correspondent;c1
dispute;c1
cattle;c1
hostile;c1
explosive;c1
bass;c1
frustrating;c1
asylum;c1
attendance;c1
assembly;c1
postpone;c1
plug;c1
persistent;c1
rally;c1
profound;c1
partial;c1
timely;c1
overwhelm;c1
outsider;c1
straightforward;c1
infamous;c1
mature;c1
melody;c1
landlord;c1
remedy;c1
guidance;c1
removal;c1
liberty;c1
insider;c1
lethal;c1
inadequate;c1
readily;c1
sentiment;c1
suite;c1
slavery;c1
identification;c1
kidnap;c1
albeit;c1
desirable;c1
mining;c1
accordingly;c1
weaken;c1
exclusively;c1
disruption;c1
notably;c1
engagement;c1
distinction;c1
establishment;c1
domain;c1
oblige;c1
prevail;c1
confront;c1
privilege;c1
presently;c1
tolerance;c1
texture;c1
commentator;c1
composition;c1
meaningful;c1
venture;c1
convict;c1
cooperate;c1
custody;c1
saint;c1
separation;c1
screw;c1
dam;c1
dedication;c1
delegation;c1
profitable;c1
deprive;c1
unprecedented;c1
trigger;c1
toll;c1
widen;c1
vibrant;c1
verdict;c1
vacuum;c1
spotlight;c1
compel;c1
complexity;c1
concede;c1
testimony;c1
collective;c1
predecessor;c1
intimate;c1
intervene;c1
mentor;c1
memorial;c1
listing;c1
liberal;c1
liable;c1
flawed;c1
inflict;c1
induce;c1
inappropriate;c1
precedent;c1
divine;c1
dub;c1
diminish;c1
fairness;c1
nursery;c1
exclusive;c1
overly;c1
offspring;c1
excellence;c1
appoint;c1
analogy;c1
backup;c1
assurance;c1
accordance;c1
biography;c1
pregnancy;c1
prejudice;c1
erect;c1
preach;c1
precision;c1
engaging;c1
productive;c1
dominance;c1
proceeds;c1
execute;c1
declaration;c1
denial;c1
corrupt;c1
disrupt;c1
detain;c1
influential;c1
notify;c1
novel;c1
mainland;c1
magnitude;c1
lifelong;c1
legislation;c1
isolation;c1
manipulate;c1
merit;c1
memo;c1
mobility;c1
massacre;c1
moderate;c1
momentum;c1
pathway;c1
governance;c1
destructive;c1
tactic;c1
backdrop;c1
terrific;c1
suburban;c1
successive;c1
sensitivity;c1
appreciation;c1
supervise;c1
revelation;c1
bounce;c1
bonus;c1
blend;c1
tobacco;c1
acquisition;c1
adjustment;c1
accessible;c1
solely;c1
specimen;c1
aggression;c1
confirmation;c1
reside;c1
concession;c1
compensate;c1
reasoning;c1
residue;c1
representation;c1
clarity;c1
recount;c1
vice;c1
compensation;c1
circulation;c1
render;c1
renew;c1
competent;c1
renowned;c1
commence;c1
cocktail;c1
collision;c1
consultation;c1
minimize;c1
provision;c1
reform;c1
occurrence;c1
motive;c1
ratio;c1
misleading;c1
query;c1
rotate;c1
reproduce;c1
rifle;c1
respectively;c1
respective;c1
selective;c1
serial;c1
organizational;c1
petition;c1
persist;c1
minimal;c1
civic;c1
calculation;c1
buffer;c1
breakdown;c1
conversion;c1
contender;c1
consistency;c1
counterpart;c1
cynical;c1
cultivate;c1
confrontation;c1
confer;c1
complement;c1
complication;c1
compelling;c1
adolescent;c1
accomplishment;c1
academy;c1
acute;c1
acre;c1
auto;c1
attribute;c1
assertion;c1
assassination;c1
aspire;c1
amendment;c1
arena;c1
applaud;c1
gravity;c1
foreigner;c1
landmark;c1
irony;c1
involvement;c1
intermediate;c1
intensive;c1
marketplace;c1
machinery;c1
loom;c1
inject;c1
inclusion;c1
distort;c1
dual;c1
discharge;c1
deploy;c1
denounce;c1
decisive;c1
dilemma;c1
faculty;c1
explicit;c1
filter;c1
expire;c1
enforce;c1
elevate;c1
violate;c1
villager;c1
vessel;c1
undermine;c1
underlying;c1
uphold;c1
willingness;c1
sue;c1
subscription;c1
strategic;c1
toxic;c1
trauma;c1
supportive;c1
theoretical;c1
theology;c1
theatrical;c1
terminal;c1
tenant;c1
symbolic;c1
surplus;c1
surgical;c1
structural;c1
strive;c1
stability;c1
specialized;c1
solo;c1
solidarity;c1
transaction;c1
verbal;c1
width;c1
whereby;c1
warfare;c1
warehouse;c1
vocal;c1
violation;c1
verify;c1
turnout;c1
variable;c1
unveil;c1
sketch;c1
settlement;c1
proceeding;c1
problematic;c1
prestigious;c1
preliminary;c1
secular;c1
parish;c1
pad;c1
overturn;c1
oversee;c1
outlet;c1
outing;c1
processor;c1
projection;c1
proposition;c1
scrutiny;c1
sceptical;c1
revival;c1
restoration;c1
rental;c1
reliability;c1
rejection;c1
regulatory;c1
regulator;c1
radar;c1
province;c1
prosperity;c1
optimism;c1
coup;c1
counsellor;c1
cop;c1
contributor;c1
contradiction;c1
constitute;c1
consecutive;c1
confine;c1
configuration;c1
conceive;c1
compliance;c1
compassion;c1
commerce;c1
damaging;c1
disclose;c1
doctrine;c1
divert;c1
displace;c1
discourse;c1
dictate;c1
diagnose;c1
density;c1
delegate;c1
closure;c1
circulate;c1
allowance;c1
architectural;c1
arbitrary;c1
apparatus;c1
anonymous;c1
amend;c1
amateur;c1
adverse;c1
adjacent;c1
accumulation;c1
abundance;c1
abolish;c1
archive;c1
arguably;c1
articulate;c1
charter;c1
cater;c1
browser;c1
breakthrough;c1
bail;c1
authorize;c1
attain;c1
atrocity;c1
justification;c1
jurisdiction;c1
junction;c1
irrelevant;c1
ironic;c1
intervention;c1
interim;c1
insufficient;c1
legitimate;c1
literacy;c1
effectiveness;c1
morality;c1
monk;c1
modification;c1
mobilize;c1
marginal;c1
manuscript;c1
manifest;c1
mandatory;c1
indulge;c1
explicitly;c1
exert;c1
exaggerate;c1
evoke;c1
entity;c1
embark;c1
elite;c1
eligible;c1
inability;c1
imprison;c1
hostility;c1
homeland;c1
heritage;c1
heighten;c1
gallon;c1
functional;c1
formulate;c1
fixture;c1
equality;c1
excess;c1
epidemic;c1
equation;c1
escalate;c1
evacuate;c1
evolutionary;c1
exclusion;c1
embassy;c1
entitle;c1
duo;c1
dynamic;c1
earnings;c1
ease;c1
donor;c1
echo;c1
ecological;c1
encompass;c1
endeavour;c1
endorse;c1
endorsement;c1
enquire;c1
enrich;c1
enrol;c1
ensue;c1
enterprise;c1
enthusiast;c1
enact;c1
empower;c1
educator;c1
ego;c1
electoral;c1
empirical;c1
embed;c1
embody;c1
emergence;c1
indigenous;c1
high-profile;c1
indictment;c1
gaze;c1
generic;c1
genocide;c1
glance;c1
hook;c1
fundraising;c1
humanity;c1
franchise;c1
humanitarian;c1
hardware;c1
harvest;c1
hierarchy;c1
hint;c1
harassment;c1
grasp;c1
grave;c1
grid;c1
grin;c1
grip;c1
guerrilla;c1
halt;c1
favourable;c1
incidence;c1
feminist;c1
feminist;c1
implementation;c1
fibre;c1
formula;c1
indicator;c1
exit;c1
expenditure;c1
incur;c1
exploitation;c1
explosive;c1
extract;c1
extremist;c1
facilitate;c1
faction;c1
flexibility;c1
footage;c1
hydrogen;c1
ideological;c1
ideology;c1
film-maker;c1
filter;c1
fine;c1
fine;c1
imagery;c1
firearm;c1
fit;c1
blast;c1
blend;c1
autonomy;c1
ballot;c1
bat;c1
benchmark;c1
beneficiary;c1
bow;c1
capitalism;c1
capitalist;c1
casino;c1
casualty;c1
catalogue;c1
cemetery;c1
characterize;c1
capability;c1
bureaucracy;c1
breach;c1
breed;c1
broadband;c1
buddy;c1
availability;c1
authentic;c1
administrator;c1
advocate;c1
advocate;c1
aesthetic;c1
agricultural;c1
aide;c1
alert;c1
alert;c1
adoption;c1
administrative;c1
audit;c1
administer;c1
inequality;c1
abortion;c1
abuse;c1
accelerate;c1
accountability;c1
accountable;c1
accumulate;c1
activation;c1
activist;c1
adaptation;c1
adhere;c1
align;c1
alignment;c1
alike;c1
applicable;c1
arm;c1
aspiration;c1
assault;c1
assert;c1
attorney;c1
attribute;c1
allegation;c1
allege;c1
allegedly;c1
allocate;c1
allocation;c1
aluminium;c1
amateur;c1
ambassador;c1
cult;c1
cult;c1
debut;c1
decision-making;c1
critique;c1
correction;c1
correlate;c1
correlation;c1
correspond;c1
corresponding;c1
counselling;c1
counter;c1
craft;c1
creator;c1
credibility;c1
credible;c1
default;c1
defect;c1
directory;c1
discard;c1
disclosure;c1
discretion;c1
discrimination;c1
dispute;c1
distress;c1
documentation;c1
diplomatic;c1
diplomat;c1
dimension;c1
deployment;c1
deficiency;c1
deficit;c1
dependence;c1
depict;c1
deposit;c1
differentiate;c1
designate;c1
deteriorate;c1
devastate;c1
devise;c1
diagnosis;c1
dictator;c1
coordinator;c1
communist;c1
coalition;c1
coastal;c1
cognitive;c1
coincide;c1
collaborate;c1
collaboration;c1
colonial;c1
columnist;c1
combat;c1
commissioner;c1
chronic;c1
citizenship;c1
civilian;c1
civilian;c1
classification;c1
clinical;c1
commodity;c1
comparable;c1
coordination;c1
constituency;c1
constitution;c1
constitutional;c1
constraint;c1
contention;c1
contractor;c1
contrary;c1
cooperative;c1
coordinate;c1
consolidate;c1
compromise;c1
competence;c1
compile;c1
comply;c1
compromise;c1
compute;c1
conserve;c1
conception;c1
congregation;c1
congressional;c1
consensus;c1
consent;c1
infect;c1
simulate;c1
socialist;c1
solicitor;c1
solo;c1
simulation;c1
set-up;c1
sexuality;c1
shareholder;c1
shipping;c1
sigh;c1
statistical;c1
stem;c1
stereotype;c1
sovereignty;c1
stimulus;c1
storage;c1
strip;c1
stabilize;c1
spam;c1
span;c1
spare;c1
specification;c1
spectrum;c1
spin;c1
spouse;c1
spy;c1
senator;c1
republic;c1
relevance;c1
reportedly;c1
reproduction;c1
reign;c1
residential;c1
rehabilitation;c1
recipient;c1
radical;c1
raid;c1
rally;c1
rape;c1
rear;c1
reconstruction;c1
referendum;c1
reform;c1
retreat;c1
sanction;c1
screw;c1
seal;c1
segment;c1
sacrifice;c1
reverse;c1
reverse;c1
revolutionary;c1
rock;c1
rotation;c1
rumour;c1
utility;c1
utilize;c1
validity;c1
variable;c1
venture;c1
viable;c1
vulnerability;c1
subscriber;c1
trustee;c1
turnover;c1
twist;c1
undergraduate;c1
unify;c1
upgrade;c1
upgrade;c1
warrant;c1
withdrawal;c1
workout;c1
worship;c1
yield;c1
youngster;c1
well;c1
well-being;c1
tribunal;c1
tribal;c1
synthesis;c1
systematic;c1
tactical;c1
taxpayer;c1
tenure;c1
terminate;c1
terrain;c1
testify;c1
syndrome;c1
swing;c1
subsidy;c1
substantially;c1
substitute;c1
substitution;c1
suicide;c1
supervision;c1
supervisor;c1
supplement;c1
supplement;c1
surge;c1
surveillance;c1
treaty;c1
trailer;c1
total;c1
trademark;c1
trail;c1
transcript;c1
transit;c1
transmission;c1
transparency;c1
torture;c1
top;c1
thought-provoking;c1
thrive;c1
magnetic;c1
mainstream;c1
mainstream;c1
mandate;c1
manipulation;c1
march;c1
marine;c1
mathematical;c1
mature;c1
magistrate;c1
log;c1
lobby;c1
lobby;c1
long-standing;c1
long-time;c1
maximize;c1
monopoly;c1
motorist;c1
municipal;c1
namely;c1
meditation;c1
merge;c1
merger;c1
methodology;c1
migration;c1
militant;c1
militant;c1
militia;c1
missile;c1
interactive;c1
interface;c1
interior;c1
investigator;c1
invoke;c1
ironically;c1
judicial;c1
intensify;c1
intellectual;c1
integrity;c1
inherent;c1
inhibit;c1
initiate;c1
injection;c1
inmate;c1
insertion;c1
institutional;c1
instrumental;c1
insult;c1
integral;c1
integrated;c1
integration;c1
liberal;c1
legislative;c1
legislature;c1
lesbian;c1
line-up;c1
linear;c1
leap;c1
leak;c1
large-scale;c1
laser;c1
latter;c1
lawsuit;c1
layout;c1
nationwide;c1
poll;c1
pop;c1
portfolio;c1
portray;c1
post-war;c1
practitioner;c1
predator;c1
predominantly;c1
premier;c1
premise;c1
premium;c1
prescribe;c1
personnel;c1
philosopher;c1
philosophical;c1
physician;c1
plug;c1
pioneer;c1
pioneer;c1
pipeline;c1
pledge;c1
prescription;c1
prosecute;c1
prosecution;c1
prosecutor;c1
prospective;c1
protocol;c1
provincial;c1
psychiatric;c1
preservation;c1
pump;c1
punch;c1
quota;c1
propaganda;c1
preside;c1
presidency;c1
presidential;c1
prevalence;c1
prevention;c1
principal;c1
privatization;c1
probe;c1
processing;c1
productivity;c1
obsess;c1
naval;c1
neglect;c1
neighbouring;c1
newsletter;c1
nominate;c1
nomination;c1
nominee;c1
non-profit;c1
operational;c1
parameter;c1
parental;c1
parliamentary;c1
passive;c1
pastor;c1
patent;c1
patrol;c1
opt;c1
optical;c1
oral;c1
orientation;c1
originate;c1
outlook;c1
outrage;c1
