bidden;1;bid;bidt;bidt;bidden;bidden;bidden;heb gebeden;hebt gebeden;heeft gebeden;hebben gebeden;hebben gebeden;hebben gebeden;bad;bad;bad;baden;baden;baden;zal bidden;zult bidden;zal bidden;zullen bidden;zullen bidden;zullen bidden;zou bidden;zou bidden;zou bidden;zouden bidden;zouden bidden;zouden bidden;bidde;bidde;bidde;bidde;bidde;bidde;had gebeden;had gebeden;had gebeden;hadden gebeden;hadden gebeden;hadden gebeden;zal gebeden hebben;zal gebeden hebben;zal gebeden hebben;zullen gebeden hebben;zullen gebeden hebben;zullen gebeden hebben;zou gebeden hebben;zou gebeden hebben;zou gebeden hebben;zouden gebeden hebben;zouden gebeden hebben;zouden gebeden hebben;bid;bidt;
blijven;1;blijf;blijft;blijft;blijven;blijven;blijven;ben gebleven;bent gebleven;is gebleven;zijn gebleven;zijn gebleven;zijn gebleven;bleef;bleef;bleef;bleven;bleven;bleven;zal blijven;zult blijven;zal blijven;zullen blijven;zullen blijven;zullen blijven;zou blijven;zou blijven;zou blijven;zouden blijven;zouden blijven;zouden blijven;blijve;blijve;blijve;blijve;blijve;blijve;was gebleven;was gebleven;was gebleven;waren gebleven;waren gebleven;waren gebleven;zal gebleven zijn;zal gebleven zijn;zal gebleven zijn;zullen gebleven zijn;zullen gebleven zijn;zullen gebleven zijn;zou gebleven zijn;zou gebleven zijn;zou gebleven zijn;zouden gebleven zijn;zouden gebleven zijn;zouden gebleven zijn;blijf;blijft;
brengen;1;breng;brengt;brengt;brengen;brengen;brengen;heb gebracht;hebt gebracht;heeft gebracht;hebben gebracht;hebben gebracht;hebben gebracht;bracht;bracht;bracht;brachten;brachten;brachten;zal brengen;zult brengen;zal brengen;zullen brengen;zullen brengen;zullen brengen;zou brengen;zou brengen;zou brengen;zouden brengen;zouden brengen;zouden brengen;brenge;brenge;brenge;brenge;brenge;brenge;had gebracht;had gebracht;had gebracht;hadden gebracht;hadden gebracht;hadden gebracht;zal gebracht hebben;zal gebracht hebben;zal gebracht hebben;zullen gebracht hebben;zullen gebracht hebben;zullen gebracht hebben;zou gebracht hebben;zou gebracht hebben;zou gebracht hebben;zouden gebracht hebben;zouden gebracht hebben;zouden gebracht hebben;breng;brengt;
danken;1;dank;dankt;dankt;danken;danken;danken;heb gedankt;hebt gedankt;heeft gedankt;hebben gedankt;hebben gedankt;hebben gedankt;dankte;dankte;dankte;dankten;dankten;dankten;zal danken;zult danken;zal danken;zullen danken;zullen danken;zullen danken;zou danken;zou danken;zou danken;zouden danken;zouden danken;zouden danken;danke;danke;danke;danke;danke;danke;had gedankt;had gedankt;had gedankt;hadden gedankt;hadden gedankt;hadden gedankt;zal gedankt hebben;zal gedankt hebben;zal gedankt hebben;zullen gedankt hebben;zullen gedankt hebben;zullen gedankt hebben;zou gedankt hebben;zou gedankt hebben;zou gedankt hebben;zouden gedankt hebben;zouden gedankt hebben;zouden gedankt hebben;dank;dankt;
denken;1;denk;denkt;denkt;denken;denken;denken;heb gedacht;hebt gedacht;heeft gedacht;hebben gedacht;hebben gedacht;hebben gedacht;dacht;dacht;dacht;dachten;dachten;dachten;zal denken;zult denken;zal denken;zullen denken;zullen denken;zullen denken;zou denken;zou denken;zou denken;zouden denken;zouden denken;zouden denken;denke;denke;denke;denke;denke;denke;had gedacht;had gedacht;had gedacht;hadden gedacht;hadden gedacht;hadden gedacht;zal gedacht hebben;zal gedacht hebben;zal gedacht hebben;zullen gedacht hebben;zullen gedacht hebben;zullen gedacht hebben;zou gedacht hebben;zou gedacht hebben;zou gedacht hebben;zouden gedacht hebben;zouden gedacht hebben;zouden gedacht hebben;denk;denkt;
doen;1;doe;doet;doet;doen;doen;doen;heb gedaan;hebt gedaan;heeft gedaan;hebben gedaan;hebben gedaan;hebben gedaan;deed;deed;deed;deden;deden;deden;zal doen;zult doen;zal doen;zullen doen;zullen doen;zullen doen;zou doen;zou doen;zou doen;zouden doen;zouden doen;zouden doen;doe;doe;doe;doe;doe;doe;had gedaan;had gedaan;had gedaan;hadden gedaan;hadden gedaan;hadden gedaan;zal gedaan hebben;zal gedaan hebben;zal gedaan hebben;zullen gedaan hebben;zullen gedaan hebben;zullen gedaan hebben;zou gedaan hebben;zou gedaan hebben;zou gedaan hebben;zouden gedaan hebben;zouden gedaan hebben;zouden gedaan hebben;do;doet;
drinken;1;drink;drinkt;drinkt;drinken;drinken;drinken;heb gedronken;hebt gedronken;heeft gedronken;hebben gedronken;hebben gedronken;hebben gedronken;dronk;dronk;dronk;dronken;dronken;dronken;zal drinken;zult drinken;zal drinken;zullen drinken;zullen drinken;zullen drinken;zou drinken;zou drinken;zou drinken;zouden drinken;zouden drinken;zouden drinken;drinke;drinke;drinke;drinke;drinke;drinke;had gedronken;had gedronken;had gedronken;hadden gedronken;hadden gedronken;hadden gedronken;zal gedronken hebben;zal gedronken hebben;zal gedronken hebben;zullen gedronken hebben;zullen gedronken hebben;zullen gedronken hebben;zou gedronken hebben;zou gedronken hebben;zou gedronken hebben;zouden gedronken hebben;zouden gedronken hebben;zouden gedronken hebben;drink;drinkt;
duwen;1;duw;duwt;duwt;duwen;duwen;duwen;heb geduwd;hebt geduwd;heeft geduwd;hebben geduwd;hebben geduwd;hebben geduwd;duwde;duwde;duwde;duwden;duwden;duwden;zal duwen;zult duwen;zal duwen;zullen duwen;zullen duwen;zullen duwen;zou duwen;zou duwen;zou duwen;zouden duwen;zouden duwen;zouden duwen;duwe;duwe;duwe;duwe;duwe;duwe;had geduwd;had geduwd;had geduwd;hadden geduwd;hadden geduwd;hadden geduwd;zal geduwd hebben;zal geduwd hebben;zal geduwd hebben;zullen geduwd hebben;zullen geduwd hebben;zullen geduwd hebben;zou geduwd hebben;zou geduwd hebben;zou geduwd hebben;zouden geduwd hebben;zouden geduwd hebben;zouden geduwd hebben;duw;duwt;
eten;1;eet;eet;eet;eten;eten;eten;heb gegeten;hebt gegeten;heeft gegeten;hebben gegeten;hebben gegeten;hebben gegeten;at;at;at;aten;aten;aten;zal eten;zult eten;zal eten;zullen eten;zullen eten;zullen eten;zou eten;zou eten;zou eten;zouden eten;zouden eten;zouden eten;ete;ete;ete;ete;ete;ete;had gegeten;had gegeten;had gegeten;hadden gegeten;hadden gegeten;hadden gegeten;zal gegeten hebben;zal gegeten hebben;zal gegeten hebben;zullen gegeten hebben;zullen gegeten hebben;zullen gegeten hebben;zou gegeten hebben;zou gegeten hebben;zou gegeten hebben;zouden gegeten hebben;zouden gegeten hebben;zouden gegeten hebben;eet;eet;
fietsen;1;fiets;fietst;fietst;fietsen;fietsen;fietsen;heb gefietst;hebt gefietst;heeft gefietst;hebben gefietst;hebben gefietst;hebben gefietst;fietste;fietste;fietste;fietsten;fietsten;fietsten;zal fietsen;zult fietsen;zal fietsen;zullen fietsen;zullen fietsen;zullen fietsen;zou fietsen;zou fietsen;zou fietsen;zouden fietsen;zouden fietsen;zouden fietsen;fietse;fietse;fietse;fietse;fietse;fietse;had gefietst;had gefietst;had gefietst;hadden gefietst;hadden gefietst;hadden gefietst;zal gefietst hebben;zal gefietst hebben;zal gefietst hebben;zullen gefietst hebben;zullen gefietst hebben;zullen gefietst hebben;zou gefietst hebben;zou gefietst hebben;zou gefietst hebben;zouden gefietst hebben;zouden gefietst hebben;zouden gefietst hebben;fiets;fietst;
gaan;1;ga;gaat;gaat;gaan;gaan;gaan;ben gegaan;bent gegaan;is gegaan;zijn gegaan;zijn gegaan;zijn gegaan;ging;ging;ging;gingen;gingen;gingen;zal gaan;zult gaan;zal gaan;zullen gaan;zullen gaan;zullen gaan;zou gaan;zou gaan;zou gaan;zouden gaan;zouden gaan;zouden gaan;ga;ga;ga;ga;ga;ga;was gegaan;was gegaan;was gegaan;waren gegaan;waren gegaan;waren gegaan;zal gegaan zijn;zal gegaan zijn;zal gegaan zijn;zullen gegaan zijn;zullen gegaan zijn;zullen gegaan zijn;zou gegaan zijn;zou gegaan zijn;zou gegaan zijn;zouden gegaan zijn;zouden gegaan zijn;zouden gegaan zijn;ga;gaat;
geven;1;geef;geeft;geeft;geven;geven;geven;heb gegeven;hebt gegeven;heeft gegeven;hebben gegeven;hebben gegeven;hebben gegeven;gaf;gaf;gaf;gaven;gaven;gaven;zal geven;zult geven;zal geven;zullen geven;zullen geven;zullen geven;zou geven;zou geven;zou geven;zouden geven;zouden geven;zouden geven;geve;geve;geve;geve;geve;geve;had gegeven;had gegeven;had gegeven;hadden gegeven;hadden gegeven;hadden gegeven;zal gegeven hebben;zal gegeven hebben;zal gegeven hebben;zullen gegeven hebben;zullen gegeven hebben;zullen gegeven hebben;zou gegeven hebben;zou gegeven hebben;zou gegeven hebben;zouden gegeven hebben;zouden gegeven hebben;zouden gegeven hebben;geef;geeft;
grijpen;1;grijp;grijpt;grijpt;grijpen;grijpen;grijpen;heb gegrepen;hebt gegrepen;heeft gegrepen;hebben gegrepen;hebben gegrepen;hebben gegrepen;greep;greep;greep;grepen;grepen;grepen;zal grijpen;zult grijpen;zal grijpen;zullen grijpen;zullen grijpen;zullen grijpen;zou grijpen;zou grijpen;zou grijpen;zouden grijpen;zouden grijpen;zouden grijpen;grijpe;grijpe;grijpe;grijpe;grijpe;grijpe;had gegrepen;had gegrepen;had gegrepen;hadden gegrepen;hadden gegrepen;hadden gegrepen;zal gegrepen hebben;zal gegrepen hebben;zal gegrepen hebben;zullen gegrepen hebben;zullen gegrepen hebben;zullen gegrepen hebben;zou gegrepen hebben;zou gegrepen hebben;zou gegrepen hebben;zouden gegrepen hebben;zouden gegrepen hebben;zouden gegrepen hebben;grijp;grijpt;
halen;1;haal;haalt;haalt;halen;halen;halen;heb gehaald;hebt gehaald;heeft gehaald;hebben gehaald;hebben gehaald;hebben gehaald;haalde;haalde;haalde;haalden;haalden;haalden;zal halen;zult halen;zal halen;zullen halen;zullen halen;zullen halen;zou halen;zou halen;zou halen;zouden halen;zouden halen;zouden halen;hale;hale;hale;hale;hale;hale;had gehaald;had gehaald;had gehaald;hadden gehaald;hadden gehaald;hadden gehaald;zal gehaald hebben;zal gehaald hebben;zal gehaald hebben;zullen gehaald hebben;zullen gehaald hebben;zullen gehaald hebben;zou gehaald hebben;zou gehaald hebben;zou gehaald hebben;zouden gehaald hebben;zouden gehaald hebben;zouden gehaald hebben;haal;haalt;
hebben;1;heb;hebt;heeft;hebben;hebben;hebben;heb gehad;hebt gehad;heeft gehad;hebben gehad;hebben gehad;hebben gehad;had;had;had;hadden;hadden;hadden;zal hebben;zult hebben;zal hebben;zullen hebben;zullen hebben;zullen hebben;zou hebben;zou hebben;zou hebben;zouden hebben;zouden hebben;zouden hebben;hebbe;hebbe;hebbe;hebbe;hebbe;hebbe;had gehad;had gehad;had gehad;hadden gehad;hadden gehad;hadden gehad;zal gehad hebben;zal gehad hebben;zal gehad hebben;zullen gehad hebben;zullen gehad hebben;zullen gehad hebben;zou gehad hebben;zou gehad hebben;zou gehad hebben;zouden gehad hebben;zouden gehad hebben;zouden gehad hebben;heb;hebt;
helpen;1;help;helpt;helpt;helpen;helpen;helpen;heb geholpen;hebt geholpen;heeft geholpen;hebben geholpen;hebben geholpen;hebben geholpen;hielp;hielp;hielp;hielpen;hielpen;hielpen;zal helpen;zult helpen;zal helpen;zullen helpen;zullen helpen;zullen helpen;zou helpen;zou helpen;zou helpen;zouden helpen;zouden helpen;zouden helpen;helpe;helpe;helpe;helpe;helpe;helpe;had geholpen;had geholpen;had geholpen;hadden geholpen;hadden geholpen;hadden geholpen;zal geholpen hebben;zal geholpen hebben;zal geholpen hebben;zullen geholpen hebben;zullen geholpen hebben;zullen geholpen hebben;zou geholpen hebben;zou geholpen hebben;zou geholpen hebben;zouden geholpen hebben;zouden geholpen hebben;zouden geholpen hebben;help;helpt;
hopen;1;hoop;hoopt;hoopt;hopen;hopen;hopen;heb gehoopt;hebt gehoopt;heeft gehoopt;hebben gehoopt;hebben gehoopt;hebben gehoopt;hoopte;hoopte;hoopte;hoopten;hoopten;hoopten;zal hopen;zult hopen;zal hopen;zullen hopen;zullen hopen;zullen hopen;zou hopen;zou hopen;zou hopen;zouden hopen;zouden hopen;zouden hopen;hope;hope;hope;hope;hope;hope;had gehoopt;had gehoopt;had gehoopt;hadden gehoopt;hadden gehoopt;hadden gehoopt;zal gehoopt hebben;zal gehoopt hebben;zal gehoopt hebben;zullen gehoopt hebben;zullen gehoopt hebben;zullen gehoopt hebben;zou gehoopt hebben;zou gehoopt hebben;zou gehoopt hebben;zouden gehoopt hebben;zouden gehoopt hebben;zouden gehoopt hebben;hoop;hoopt;
horen;1;hoor;hoort;hoort;horen;horen;horen;heb gehoord;hebt gehoord;heeft gehoord;hebben gehoord;hebben gehoord;hebben gehoord;hoorde;hoorde;hoorde;hoorden;hoorden;hoorden;zal horen;zult horen;zal horen;zullen horen;zullen horen;zullen horen;zou horen;zou horen;zou horen;zouden horen;zouden horen;zouden horen;hore;hore;hore;hore;hore;hore;had gehoord;had gehoord;had gehoord;hadden gehoord;hadden gehoord;hadden gehoord;zal gehoord hebben;zal gehoord hebben;zal gehoord hebben;zullen gehoord hebben;zullen gehoord hebben;zullen gehoord hebben;zou gehoord hebben;zou gehoord hebben;zou gehoord hebben;zouden gehoord hebben;zouden gehoord hebben;zouden gehoord hebben;hoor;hoort;
kennen;1;ken;kent;kent;kennen;kennen;kennen;heb gekend;hebt gekend;heeft gekend;hebben gekend;hebben gekend;hebben gekend;kende;kende;kende;kenden;kenden;kenden;zal kennen;zult kennen;zal kennen;zullen kennen;zullen kennen;zullen kennen;zou kennen;zou kennen;zou kennen;zouden kennen;zouden kennen;zouden kennen;kenne;kenne;kenne;kenne;kenne;kenne;had gekend;had gekend;had gekend;hadden gekend;hadden gekend;hadden gekend;zal gekend hebben;zal gekend hebben;zal gekend hebben;zullen gekend hebben;zullen gekend hebben;zullen gekend hebben;zou gekend hebben;zou gekend hebben;zou gekend hebben;zouden gekend hebben;zouden gekend hebben;zouden gekend hebben;ken;kent;
knippen;1;knip;knipt;knipt;knippen;knippen;knippen;heb geknipt;hebt geknipt;heeft geknipt;hebben geknipt;hebben geknipt;hebben geknipt;knipte;knipte;knipte;knipten;knipten;knipten;zal knippen;zult knippen;zal knippen;zullen knippen;zullen knippen;zullen knippen;zou knippen;zou knippen;zou knippen;zouden knippen;zouden knippen;zouden knippen;knippe;knippe;knippe;knippe;knippe;knippe;had geknipt;had geknipt;had geknipt;hadden geknipt;hadden geknipt;hadden geknipt;zal geknipt hebben;zal geknipt hebben;zal geknipt hebben;zullen geknipt hebben;zullen geknipt hebben;zullen geknipt hebben;zou geknipt hebben;zou geknipt hebben;zou geknipt hebben;zouden geknipt hebben;zouden geknipt hebben;zouden geknipt hebben;knip;knipt;
komen;1;kom;komt;komt;komen;komen;komen;ben gekomen;bent gekomen;is gekomen;zijn gekomen;zijn gekomen;zijn gekomen;kwam;kwam;kwam;kwamen;kwamen;kwamen;zal komen;zult komen;zal komen;zullen komen;zullen komen;zullen komen;zou komen;zou komen;zou komen;zouden komen;zouden komen;zouden komen;kome;kome;kome;kome;kome;kome;was gekomen;was gekomen;was gekomen;waren gekomen;waren gekomen;waren gekomen;zal gekomen zijn;zal gekomen zijn;zal gekomen zijn;zullen gekomen zijn;zullen gekomen zijn;zullen gekomen zijn;zou gekomen zijn;zou gekomen zijn;zou gekomen zijn;zouden gekomen zijn;zouden gekomen zijn;zouden gekomen zijn;kom;komt;
kopen;1;koop;koopt;koopt;kopen;kopen;kopen;heb gekocht;hebt gekocht;heeft gekocht;hebben gekocht;hebben gekocht;hebben gekocht;kocht;kocht;kocht;kochten;kochten;kochten;zal kopen;zult kopen;zal kopen;zullen kopen;zullen kopen;zullen kopen;zou kopen;zou kopen;zou kopen;zouden kopen;zouden kopen;zouden kopen;kope;kope;kope;kope;kope;kope;had gekocht;had gekocht;had gekocht;hadden gekocht;hadden gekocht;hadden gekocht;zal gekocht hebben;zal gekocht hebben;zal gekocht hebben;zullen gekocht hebben;zullen gekocht hebben;zullen gekocht hebben;zou gekocht hebben;zou gekocht hebben;zou gekocht hebben;zouden gekocht hebben;zouden gekocht hebben;zouden gekocht hebben;koop;koopt;
krijgen;1;krijg;krijgt;krijgt;krijgen;krijgen;krijgen;heb gekregen;hebt gekregen;heeft gekregen;hebben gekregen;hebben gekregen;hebben gekregen;kreeg;kreeg;kreeg;kregen;kregen;kregen;zal krijgen;zult krijgen;zal krijgen;zullen krijgen;zullen krijgen;zullen krijgen;zou krijgen;zou krijgen;zou krijgen;zouden krijgen;zouden krijgen;zouden krijgen;krijge;krijge;krijge;krijge;krijge;krijge;had gekregen;had gekregen;had gekregen;hadden gekregen;hadden gekregen;hadden gekregen;zal gekregen hebben;zal gekregen hebben;zal gekregen hebben;zullen gekregen hebben;zullen gekregen hebben;zullen gekregen hebben;zou gekregen hebben;zou gekregen hebben;zou gekregen hebben;zouden gekregen hebben;zouden gekregen hebben;zouden gekregen hebben;krijg;krijgt;
lachen;1;lach;lacht;lacht;lachen;lachen;lachen;heb gelachen;hebt gelachen;heeft gelachen;hebben gelachen;hebben gelachen;hebben gelachen;lachte;lachte;lachte;lachten;lachten;lachten;zal lachen;zult lachen;zal lachen;zullen lachen;zullen lachen;zullen lachen;zou lachen;zou lachen;zou lachen;zouden lachen;zouden lachen;zouden lachen;lache;lache;lache;lache;lache;lache;had gelachen;had gelachen;had gelachen;hadden gelachen;hadden gelachen;hadden gelachen;zal gelachen hebben;zal gelachen hebben;zal gelachen hebben;zullen gelachen hebben;zullen gelachen hebben;zullen gelachen hebben;zou gelachen hebben;zou gelachen hebben;zou gelachen hebben;zouden gelachen hebben;zouden gelachen hebben;zouden gelachen hebben;lach;lacht;
laten;1;laat;laat;laat;laten;laten;laten;heb gelaten;hebt gelaten;heeft gelaten;hebben gelaten;hebben gelaten;hebben gelaten;liet;liet;liet;lieten;lieten;lieten;zal laten;zult laten;zal laten;zullen laten;zullen laten;zullen laten;zou laten;zou laten;zou laten;zouden laten;zouden laten;zouden laten;late;late;late;late;late;late;had gelaten;had gelaten;had gelaten;hadden gelaten;hadden gelaten;hadden gelaten;zal gelaten hebben;zal gelaten hebben;zal gelaten hebben;zullen gelaten hebben;zullen gelaten hebben;zullen gelaten hebben;zou gelaten hebben;zou gelaten hebben;zou gelaten hebben;zouden gelaten hebben;zouden gelaten hebben;zouden gelaten hebben;laat;laat;
leiden;1;leid;leidt;leidt;leiden;leiden;leiden;heb geleid;hebt geleid;heeft geleid;hebben geleid;hebben geleid;hebben geleid;leidde;leidde;leidde;leidden;leidden;leidden;zal leiden;zult leiden;zal leiden;zullen leiden;zullen leiden;zullen leiden;zou leiden;zou leiden;zou leiden;zouden leiden;zouden leiden;zouden leiden;leide;leide;leide;leide;leide;leide;had geleid;had geleid;had geleid;hadden geleid;hadden geleid;hadden geleid;zal geleid hebben;zal geleid hebben;zal geleid hebben;zullen geleid hebben;zullen geleid hebben;zullen geleid hebben;zou geleid hebben;zou geleid hebben;zou geleid hebben;zouden geleid hebben;zouden geleid hebben;zouden geleid hebben;leid;leidt;
lezen;1;lees;leest;leest;lezen;lezen;lezen;heb gelezen;hebt gelezen;heeft gelezen;hebben gelezen;hebben gelezen;hebben gelezen;las;las;las;lazen;lazen;lazen;zal lezen;zult lezen;zal lezen;zullen lezen;zullen lezen;zullen lezen;zou lezen;zou lezen;zou lezen;zouden lezen;zouden lezen;zouden lezen;leze;leze;leze;leze;leze;leze;had gelezen;had gelezen;had gelezen;hadden gelezen;hadden gelezen;hadden gelezen;zal gelezen hebben;zal gelezen hebben;zal gelezen hebben;zullen gelezen hebben;zullen gelezen hebben;zullen gelezen hebben;zou gelezen hebben;zou gelezen hebben;zou gelezen hebben;zouden gelezen hebben;zouden gelezen hebben;zouden gelezen hebben;lees;leest;
liggen;1;lig;ligt;ligt;liggen;liggen;liggen;heb gelegen;hebt gelegen;heeft gelegen;hebben gelegen;hebben gelegen;hebben gelegen;lag;lag;lag;lagen;lagen;lagen;zal liggen;zult liggen;zal liggen;zullen liggen;zullen liggen;zullen liggen;zou liggen;zou liggen;zou liggen;zouden liggen;zouden liggen;zouden liggen;ligge;ligge;ligge;ligge;ligge;ligge;had gelegen;had gelegen;had gelegen;hadden gelegen;hadden gelegen;hadden gelegen;zal gelegen hebben;zal gelegen hebben;zal gelegen hebben;zullen gelegen hebben;zullen gelegen hebben;zullen gelegen hebben;zou gelegen hebben;zou gelegen hebben;zou gelegen hebben;zouden gelegen hebben;zouden gelegen hebben;zouden gelegen hebben;lig;ligt;
lijden;1;lijd;lijdt;lijdt;lijden;lijden;lijden;heb geleden;hebt geleden;heeft geleden;hebben geleden;hebben geleden;hebben geleden;leed;leed;leed;leden;leden;leden;zal lijden;zult lijden;zal lijden;zullen lijden;zullen lijden;zullen lijden;zou lijden;zou lijden;zou lijden;zouden lijden;zouden lijden;zouden lijden;lijde;lijde;lijde;lijde;lijde;lijde;had geleden;had geleden;had geleden;hadden geleden;hadden geleden;hadden geleden;zal geleden hebben;zal geleden hebben;zal geleden hebben;zullen geleden hebben;zullen geleden hebben;zullen geleden hebben;zou geleden hebben;zou geleden hebben;zou geleden hebben;zouden geleden hebben;zouden geleden hebben;zouden geleden hebben;lijd;lijdt;
lopen;1;loop;loopt;loopt;lopen;lopen;lopen;heb gelopen;hebt gelopen;heeft gelopen;hebben gelopen;hebben gelopen;hebben gelopen;liep;liep;liep;liepen;liepen;liepen;zal lopen;zult lopen;zal lopen;zullen lopen;zullen lopen;zullen lopen;zou lopen;zou lopen;zou lopen;zouden lopen;zouden lopen;zouden lopen;lope;lope;lope;lope;lope;lope;had gelopen;had gelopen;had gelopen;hadden gelopen;hadden gelopen;hadden gelopen;zal gelopen hebben;zal gelopen hebben;zal gelopen hebben;zullen gelopen hebben;zullen gelopen hebben;zullen gelopen hebben;zou gelopen hebben;zou gelopen hebben;zou gelopen hebben;zouden gelopen hebben;zouden gelopen hebben;zouden gelopen hebben;loop;loopt;
maken;1;maak;maakt;maakt;maken;maken;maken;heb gemaakt;hebt gemaakt;heeft gemaakt;hebben gemaakt;hebben gemaakt;hebben gemaakt;maakte;maakte;maakte;maakten;maakten;maakten;zal maken;zult maken;zal maken;zullen maken;zullen maken;zullen maken;zou maken;zou maken;zou maken;zouden maken;zouden maken;zouden maken;make;make;make;make;make;make;had gemaakt;had gemaakt;had gemaakt;hadden gemaakt;hadden gemaakt;hadden gemaakt;zal gemaakt hebben;zal gemaakt hebben;zal gemaakt hebben;zullen gemaakt hebben;zullen gemaakt hebben;zullen gemaakt hebben;zou gemaakt hebben;zou gemaakt hebben;zou gemaakt hebben;zouden gemaakt hebben;zouden gemaakt hebben;zouden gemaakt hebben;maak;maakt;
moeten;1;moet;moet;moet;moeten;moeten;moeten;heb gemoeten;hebt gemoeten;heeft gemoeten;hebben gemoeten;hebben gemoeten;hebben gemoeten;moest;moest;moest;moesten;moesten;moesten;zal moeten;zult moeten;zal moeten;zullen moeten;zullen moeten;zullen moeten;zou moeten;zou moeten;zou moeten;zouden moeten;zouden moeten;zouden moeten;moete;moete;moete;moete;moete;moete;had gemoeten;had gemoeten;had gemoeten;hadden gemoeten;hadden gemoeten;hadden gemoeten;zal gemoeten hebben;zal gemoeten hebben;zal gemoeten hebben;zullen gemoeten hebben;zullen gemoeten hebben;zullen gemoeten hebben;zou gemoeten hebben;zou gemoeten hebben;zou gemoeten hebben;zouden gemoeten hebben;zouden gemoeten hebben;zouden gemoeten hebben;moet;moet;
mogen;1;mag;mag;mag;mogen;mogen;mogen;heb gemogen;hebt gemogen;heeft gemogen;hebben gemogen;hebben gemogen;hebben gemogen;mocht;mocht;mocht;mochten;mochten;mochten;zal mogen;zult mogen;zal mogen;zullen mogen;zullen mogen;zullen mogen;zou mogen;zou mogen;zou mogen;zouden mogen;zouden mogen;zouden mogen;moge;moge;moge;moge;moge;moge;had gemogen;had gemogen;had gemogen;hadden gemogen;hadden gemogen;hadden gemogen;zal gemogen hebben;zal gemogen hebben;zal gemogen hebben;zullen gemogen hebben;zullen gemogen hebben;zullen gemogen hebben;zou gemogen hebben;zou gemogen hebben;zou gemogen hebben;zouden gemogen hebben;zouden gemogen hebben;zouden gemogen hebben;-;-;
nemen;1;neem;neemt;neemt;nemen;nemen;nemen;heb genomen;hebt genomen;heeft genomen;hebben genomen;hebben genomen;hebben genomen;nam;nam;nam;namen;namen;namen;zal nemen;zult nemen;zal nemen;zullen nemen;zullen nemen;zullen nemen;zou nemen;zou nemen;zou nemen;zouden nemen;zouden nemen;zouden nemen;neme;neme;neme;neme;neme;neme;had genomen;had genomen;had genomen;hadden genomen;hadden genomen;hadden genomen;zal genomen hebben;zal genomen hebben;zal genomen hebben;zullen genomen hebben;zullen genomen hebben;zullen genomen hebben;zou genomen hebben;zou genomen hebben;zou genomen hebben;zouden genomen hebben;zouden genomen hebben;zouden genomen hebben;neem;neemt;
optillen;2;
praten;1;praat;praat;praat;praten;praten;praten;heb gepraat;hebt gepraat;heeft gepraat;hebben gepraat;hebben gepraat;hebben gepraat;praatte;praatte;praatte;praatten;praatten;praatten;zal praten;zult praten;zal praten;zullen praten;zullen praten;zullen praten;zou praten;zou praten;zou praten;zouden praten;zouden praten;zouden praten;prate;prate;prate;prate;prate;prate;had gepraat;had gepraat;had gepraat;hadden gepraat;hadden gepraat;hadden gepraat;zal gepraat hebben;zal gepraat hebben;zal gepraat hebben;zullen gepraat hebben;zullen gepraat hebben;zullen gepraat hebben;zou gepraat hebben;zou gepraat hebben;zou gepraat hebben;zouden gepraat hebben;zouden gepraat hebben;zouden gepraat hebben;praat;praat;
rijden;1;rijd rij;rijdt;rijdt;rijden;rijden;rijden;heb gereden;hebt gereden;heeft gereden;hebben gereden;hebben gereden;hebben gereden;reed;reed;reed;reden;reden;reden;zal rijden;zult rijden;zal rijden;zullen rijden;zullen rijden;zullen rijden;zou rijden;zou rijden;zou rijden;zouden rijden;zouden rijden;zouden rijden;rijde;rijde;rijde;rijde;rijde;rijde;had gereden;had gereden;had gereden;hadden gereden;hadden gereden;hadden gereden;zal gereden hebben;zal gereden hebben;zal gereden hebben;zullen gereden hebben;zullen gereden hebben;zullen gereden hebben;zou gereden hebben;zou gereden hebben;zou gereden hebben;zouden gereden hebben;zouden gereden hebben;zouden gereden hebben;rijd rij;rijdt;
schrijven;1;schrijf;schrijft;schrijft;schrijven;schrijven;schrijven;heb geschreven;hebt geschreven;heeft geschreven;hebben geschreven;hebben geschreven;hebben geschreven;schreef;schreef;schreef;schreven;schreven;schreven;zal schrijven;zult schrijven;zal schrijven;zullen schrijven;zullen schrijven;zullen schrijven;zou schrijven;zou schrijven;zou schrijven;zouden schrijven;zouden schrijven;zouden schrijven;schrijve;schrijve;schrijve;schrijve;schrijve;schrijve;had geschreven;had geschreven;had geschreven;hadden geschreven;hadden geschreven;hadden geschreven;zal geschreven hebben;zal geschreven hebben;zal geschreven hebben;zullen geschreven hebben;zullen geschreven hebben;zullen geschreven hebben;zou geschreven hebben;zou geschreven hebben;zou geschreven hebben;zouden geschreven hebben;zouden geschreven hebben;zouden geschreven hebben;schrijf;schrijft;
slapen;1;slaap;slaapt;slaapt;slapen;slapen;slapen;heb geslapen;hebt geslapen;heeft geslapen;hebben geslapen;hebben geslapen;hebben geslapen;sliep;sliep;sliep;sliepen;sliepen;sliepen;zal slapen;zult slapen;zal slapen;zullen slapen;zullen slapen;zullen slapen;zou slapen;zou slapen;zou slapen;zouden slapen;zouden slapen;zouden slapen;slape;slape;slape;slape;slape;slape;had geslapen;had geslapen;had geslapen;hadden geslapen;hadden geslapen;hadden geslapen;zal geslapen hebben;zal geslapen hebben;zal geslapen hebben;zullen geslapen hebben;zullen geslapen hebben;zullen geslapen hebben;zou geslapen hebben;zou geslapen hebben;zou geslapen hebben;zouden geslapen hebben;zouden geslapen hebben;zouden geslapen hebben;slaap;slaapt;
snijden;1;snijd snij;snijdt;snijdt;snijden;snijden;snijden;heb gesneden;hebt gesneden;heeft gesneden;hebben gesneden;hebben gesneden;hebben gesneden;sneed;sneed;sneed;sneden;sneden;sneden;zal snijden;zult snijden;zal snijden;zullen snijden;zullen snijden;zullen snijden;zou snijden;zou snijden;zou snijden;zouden snijden;zouden snijden;zouden snijden;snijde;snijde;snijde;snijde;snijde;snijde;had gesneden;had gesneden;had gesneden;hadden gesneden;hadden gesneden;hadden gesneden;zal gesneden hebben;zal gesneden hebben;zal gesneden hebben;zullen gesneden hebben;zullen gesneden hebben;zullen gesneden hebben;zou gesneden hebben;zou gesneden hebben;zou gesneden hebben;zouden gesneden hebben;zouden gesneden hebben;zouden gesneden hebben;snijd snij;snijdt;
spreken;1;spreek;spreekt;spreekt;spreken;spreken;spreken;heb gesproken;hebt gesproken;heeft gesproken;hebben gesproken;hebben gesproken;hebben gesproken;sprak;sprak;sprak;spraken;spraken;spraken;zal spreken;zult spreken;zal spreken;zullen spreken;zullen spreken;zullen spreken;zou spreken;zou spreken;zou spreken;zouden spreken;zouden spreken;zouden spreken;spreke;spreke;spreke;spreke;spreke;spreke;had gesproken;had gesproken;had gesproken;hadden gesproken;hadden gesproken;hadden gesproken;zal gesproken hebben;zal gesproken hebben;zal gesproken hebben;zullen gesproken hebben;zullen gesproken hebben;zullen gesproken hebben;zou gesproken hebben;zou gesproken hebben;zou gesproken hebben;zouden gesproken hebben;zouden gesproken hebben;zouden gesproken hebben;spreek;spreekt;
staan;1;sta;staat;staat;staan;staan;staan;heb gestaan;hebt gestaan;heeft gestaan;hebben gestaan;hebben gestaan;hebben gestaan;stond;stond;stond;stonden;stonden;stonden;zal staan;zult staan;zal staan;zullen staan;zullen staan;zullen staan;zou staan;zou staan;zou staan;zouden staan;zouden staan;zouden staan;sta;sta;sta;sta;sta;sta;had gestaan;had gestaan;had gestaan;hadden gestaan;hadden gestaan;hadden gestaan;zal gestaan hebben;zal gestaan hebben;zal gestaan hebben;zullen gestaan hebben;zullen gestaan hebben;zullen gestaan hebben;zou gestaan hebben;zou gestaan hebben;zou gestaan hebben;zouden gestaan hebben;zouden gestaan hebben;zouden gestaan hebben;sta;staat;
stemmen;1;stem;stemt;stemt;stemmen;stemmen;stemmen;heb gestemd;hebt gestemd;heeft gestemd;hebben gestemd;hebben gestemd;hebben gestemd;stemde;stemde;stemde;stemden;stemden;stemden;zal stemmen;zult stemmen;zal stemmen;zullen stemmen;zullen stemmen;zullen stemmen;zou stemmen;zou stemmen;zou stemmen;zouden stemmen;zouden stemmen;zouden stemmen;stemme;stemme;stemme;stemme;stemme;stemme;had gestemd;had gestemd;had gestemd;hadden gestemd;hadden gestemd;hadden gestemd;zal gestemd hebben;zal gestemd hebben;zal gestemd hebben;zullen gestemd hebben;zullen gestemd hebben;zullen gestemd hebben;zou gestemd hebben;zou gestemd hebben;zou gestemd hebben;zouden gestemd hebben;zouden gestemd hebben;zouden gestemd hebben;stem;stemt;
trekken;1;trek;trekt;trekt;trekken;trekken;trekken;heb getrokken;hebt getrokken;heeft getrokken;hebben getrokken;hebben getrokken;hebben getrokken;trok;trok;trok;trokken;trokken;trokken;zal trekken;zult trekken;zal trekken;zullen trekken;zullen trekken;zullen trekken;zou trekken;zou trekken;zou trekken;zouden trekken;zouden trekken;zouden trekken;trekke;trekke;trekke;trekke;trekke;trekke;had getrokken;had getrokken;had getrokken;hadden getrokken;hadden getrokken;hadden getrokken;zal getrokken hebben;zal getrokken hebben;zal getrokken hebben;zullen getrokken hebben;zullen getrokken hebben;zullen getrokken hebben;zou getrokken hebben;zou getrokken hebben;zou getrokken hebben;zouden getrokken hebben;zouden getrokken hebben;zouden getrokken hebben;trek;trekt;
vallen;1;val;valt;valt;vallen;vallen;vallen;ben gevallen;bent gevallen;is gevallen;zijn gevallen;zijn gevallen;zijn gevallen;viel;viel;viel;vielen;vielen;vielen;zal vallen;zult vallen;zal vallen;zullen vallen;zullen vallen;zullen vallen;zou vallen;zou vallen;zou vallen;zouden vallen;zouden vallen;zouden vallen;valle;valle;valle;valle;valle;valle;was gevallen;was gevallen;was gevallen;waren gevallen;waren gevallen;waren gevallen;zal gevallen zijn;zal gevallen zijn;zal gevallen zijn;zullen gevallen zijn;zullen gevallen zijn;zullen gevallen zijn;zou gevallen zijn;zou gevallen zijn;zou gevallen zijn;zouden gevallen zijn;zouden gevallen zijn;zouden gevallen zijn;val;valt;
vinden;1;vind;vindt;vindt;vinden;vinden;vinden;heb gevonden;hebt gevonden;heeft gevonden;hebben gevonden;hebben gevonden;hebben gevonden;vond;vond;vond;vonden;vonden;vonden;zal vinden;zult vinden;zal vinden;zullen vinden;zullen vinden;zullen vinden;zou vinden;zou vinden;zou vinden;zouden vinden;zouden vinden;zouden vinden;vinde;vinde;vinde;vinde;vinde;vinde;had gevonden;had gevonden;had gevonden;hadden gevonden;hadden gevonden;hadden gevonden;zal gevonden hebben;zal gevonden hebben;zal gevonden hebben;zullen gevonden hebben;zullen gevonden hebben;zullen gevonden hebben;zou gevonden hebben;zou gevonden hebben;zou gevonden hebben;zouden gevonden hebben;zouden gevonden hebben;zouden gevonden hebben;vind;vindt;
vragen;1;vraag;vraagt;vraagt;vragen;vragen;vragen;heb gevraagd;hebt gevraagd;heeft gevraagd;hebben gevraagd;hebben gevraagd;hebben gevraagd;vroeg;vroeg;vroeg;vroegen;vroegen;vroegen;zal vragen;zult vragen;zal vragen;zullen vragen;zullen vragen;zullen vragen;zou vragen;zou vragen;zou vragen;zouden vragen;zouden vragen;zouden vragen;vrage;vrage;vrage;vrage;vrage;vrage;had gevraagd;had gevraagd;had gevraagd;hadden gevraagd;hadden gevraagd;hadden gevraagd;zal gevraagd hebben;zal gevraagd hebben;zal gevraagd hebben;zullen gevraagd hebben;zullen gevraagd hebben;zullen gevraagd hebben;zou gevraagd hebben;zou gevraagd hebben;zou gevraagd hebben;zouden gevraagd hebben;zouden gevraagd hebben;zouden gevraagd hebben;vraag;vraagt;
weten;1;weet;weet;weet;weten;weten;weten;heb geweten;hebt geweten;heeft geweten;hebben geweten;hebben geweten;hebben geweten;wist;wist;wist;wisten;wisten;wisten;zal weten;zult weten;zal weten;zullen weten;zullen weten;zullen weten;zou weten;zou weten;zou weten;zouden weten;zouden weten;zouden weten;wete;wete;wete;wete;wete;wete;had geweten;had geweten;had geweten;hadden geweten;hadden geweten;hadden geweten;zal geweten hebben;zal geweten hebben;zal geweten hebben;zullen geweten hebben;zullen geweten hebben;zullen geweten hebben;zou geweten hebben;zou geweten hebben;zou geweten hebben;zouden geweten hebben;zouden geweten hebben;zouden geweten hebben;weet;weet;
wachten;1;wacht;wacht;wacht;wachten;wachten;wachten;heb gewacht;hebt gewacht;heeft gewacht;hebben gewacht;hebben gewacht;hebben gewacht;wachtte;wachtte;wachtte;wachtten;wachtten;wachtten;zal wachten;zult wachten;zal wachten;zullen wachten;zullen wachten;zullen wachten;zou wachten;zou wachten;zou wachten;zouden wachten;zouden wachten;zouden wachten;wachte;wachte;wachte;wachte;wachte;wachte;had gewacht;had gewacht;had gewacht;hadden gewacht;hadden gewacht;hadden gewacht;zal gewacht hebben;zal gewacht hebben;zal gewacht hebben;zullen gewacht hebben;zullen gewacht hebben;zullen gewacht hebben;zou gewacht hebben;zou gewacht hebben;zou gewacht hebben;zouden gewacht hebben;zouden gewacht hebben;zouden gewacht hebben;wacht;wacht;
willen;2;
worden;1;word;wordt;wordt;worden;worden;worden;ben geworden;bent geworden;is geworden;zijn geworden;zijn geworden;zijn geworden;werd;werd;werd;werden;werden;werden;zal worden;zult worden;zal worden;zullen worden;zullen worden;zullen worden;zou worden;zou worden;zou worden;zouden worden;zouden worden;zouden worden;worde;worde;worde;worde;worde;worde;was geworden;was geworden;was geworden;waren geworden;waren geworden;waren geworden;zal geworden zijn;zal geworden zijn;zal geworden zijn;zullen geworden zijn;zullen geworden zijn;zullen geworden zijn;zou geworden zijn;zou geworden zijn;zou geworden zijn;zouden geworden zijn;zouden geworden zijn;zouden geworden zijn;word;wordt;
zeggen;1;zeg;zegt;zegt;zeggen;zeggen;zeggen;heb gezegd;hebt gezegd;heeft gezegd;hebben gezegd;hebben gezegd;hebben gezegd;zei;zegde;zei;zegde;zei;zegde;zeiden;zegden;zeiden;zegden;zeiden;zegden;zal zeggen;zult zeggen;zal zeggen;zullen zeggen;zullen zeggen;zullen zeggen;zou zeggen;zou zeggen;zou zeggen;zouden zeggen;zouden zeggen;zouden zeggen;zegge;zegge;zegge;zegge;zegge;zegge;had gezegd;had gezegd;had gezegd;hadden gezegd;hadden gezegd;hadden gezegd;zal gezegd hebben;zal gezegd hebben;zal gezegd hebben;zullen gezegd hebben;zullen gezegd hebben;zullen gezegd hebben;zou gezegd hebben;zou gezegd hebben;zou gezegd hebben;zouden gezegd hebben;zouden gezegd hebben;zouden gezegd hebben;zeg;zegt;
zien;1;zie;ziet;ziet;zien;zien;zien;heb gezien;hebt gezien;heeft gezien;hebben gezien;hebben gezien;hebben gezien;zag;zag;zag;zagen;zagen;zagen;zal zien;zult zien;zal zien;zullen zien;zullen zien;zullen zien;zou zien;zou zien;zou zien;zouden zien;zouden zien;zouden zien;zie;zie;zie;zie;zie;zie;had gezien;had gezien;had gezien;hadden gezien;hadden gezien;hadden gezien;zal gezien hebben;zal gezien hebben;zal gezien hebben;zullen gezien hebben;zullen gezien hebben;zullen gezien hebben;zou gezien hebben;zou gezien hebben;zou gezien hebben;zouden gezien hebben;zouden gezien hebben;zouden gezien hebben;zi;ziet;
